LocationKey,state,country,market,region
3,Budapest,Hungary,EMEA,EMEA
7,Ninawa,Iraq,EMEA,EMEA
12,Yazd,Iran,EMEA,EMEA
14,Razavi Khorasan,Iran,EMEA,EMEA
37,Beirut,Lebanon,EMEA,EMEA
61,Bursa,Turkey,EMEA,EMEA
80,Gaziantep,Turkey,EMEA,EMEA
93,Al Jawf,Saudi Arabia,EMEA,EMEA
104,Belgorod,Russia,EMEA,EMEA
106,Ulaanbaatar,Mongolia,EMEA,EMEA
118,Al Madinah,Saudi Arabia,EMEA,EMEA
119,Harjumaa,Estonia,EMEA,EMEA
128,Afyonkarahisar,Turkey,EMEA,EMEA
134,Izmir,Turkey,EMEA,EMEA
138,Markazi,Iran,EMEA,EMEA
148,Olomouc,Czech Republic,EMEA,EMEA
173,Aydin,Turkey,EMEA,EMEA
185,Chisinau,Moldova,EMEA,EMEA
188,Gilan,Iran,EMEA,EMEA
192,Bashkortostan,Russia,EMEA,EMEA
198,Kaluga,Russia,EMEA,EMEA
210,Pomerania,Poland,EMEA,EMEA
211,Tehran,Iran,EMEA,EMEA
214,Diyarbakir,Turkey,EMEA,EMEA
217,Baki,Azerbaijan,EMEA,EMEA
220,Qom,Iran,EMEA,EMEA
229,Bushehr,Iran,EMEA,EMEA
230,Vinnytsya,Ukraine,EMEA,EMEA
232,Kherson,Ukraine,EMEA,EMEA
236,Baghdad,Iraq,EMEA,EMEA
238,Elbasan,Albania,EMEA,EMEA
239,Iasi,Romania,EMEA,EMEA
242,Jerusalem,Israel,EMEA,EMEA
246,Istanbul,Turkey,EMEA,EMEA
248,Silesia,Poland,EMEA,EMEA
249,Makkah,Saudi Arabia,EMEA,EMEA
253,Tbilisi,Georgia,EMEA,EMEA
254,Masovia,Poland,EMEA,EMEA
259,Ankara,Turkey,EMEA,EMEA
272,Vilnius,Lithuania,EMEA,EMEA
287,Kermanshah,Iran,EMEA,EMEA
293,Zanjan,Iran,EMEA,EMEA
296,Sistan Va Baluchestan,Iran,EMEA,EMEA
301,Vienna,Austria,EMEA,EMEA
308,Irkutsk,Russia,EMEA,EMEA
310,Chelyabinsk,Russia,EMEA,EMEA
311,Yaroslavl',Russia,EMEA,EMEA
312,Canakkale,Turkey,EMEA,EMEA
323,Kayseri,Turkey,EMEA,EMEA
326,Chernihiv,Ukraine,EMEA,EMEA
329,Greater Poland,Poland,EMEA,EMEA
358,Salzburg,Austria,EMEA,EMEA
359,Prahova,Romania,EMEA,EMEA
362,Lubusz,Poland,EMEA,EMEA
363,Ashgabat,Turkmenistan,EMEA,EMEA
366,Balikesir,Turkey,EMEA,EMEA
369,Sivas,Turkey,EMEA,EMEA
370,Astana,Kazakhstan,EMEA,EMEA
376,Luhans'k,Ukraine,EMEA,EMEA
378,Sumy,Ukraine,EMEA,EMEA
385,Botosani,Romania,EMEA,EMEA
386,Ad Dawhah,Qatar,EMEA,EMEA
387,Galati,Romania,EMEA,EMEA
390,Adana,Turkey,EMEA,EMEA
393,Tekirdag,Turkey,EMEA,EMEA
397,Sofiya-Grad,Bulgaria,EMEA,EMEA
399,Qaraghandy,Kazakhstan,EMEA,EMEA
401,Samsun,Turkey,EMEA,EMEA
402,Osjecko-Baranjska,Croatia,EMEA,EMEA
404,Cluj,Romania,EMEA,EMEA
405,Konya,Turkey,EMEA,EMEA
413,Mykolayiv,Ukraine,EMEA,EMEA
414,Semnan,Iran,EMEA,EMEA
425,Ivano-Frankivsk,Ukraine,EMEA,EMEA
432,Suceava,Romania,EMEA,EMEA
434,Voronezh,Russia,EMEA,EMEA
439,Lodz,Poland,EMEA,EMEA
442,Kharkiv,Ukraine,EMEA,EMEA
445,Corum,Turkey,EMEA,EMEA
449,Ar Riyad,Saudi Arabia,EMEA,EMEA
451,L'viv,Ukraine,EMEA,EMEA
456,Kahramanmaras,Turkey,EMEA,EMEA
465,Esfahan,Iran,EMEA,EMEA
469,Tabuk,Saudi Arabia,EMEA,EMEA
471,Khuzestan,Iran,EMEA,EMEA
472,Kocaeli,Turkey,EMEA,EMEA
474,Nevsehir,Turkey,EMEA,EMEA
480,Almaty,Kazakhstan,EMEA,EMEA
481,Dagestan,Russia,EMEA,EMEA
489,Al Qadisiyah,Iraq,EMEA,EMEA
490,Dayr Az Zawr,Syria,EMEA,EMEA
498,Prague,Czech Republic,EMEA,EMEA
500,Amur,Russia,EMEA,EMEA
507,Dnipropetrovs'k,Ukraine,EMEA,EMEA
515,Zaporizhzhya,Ukraine,EMEA,EMEA
516,Donetsk,Ukraine,EMEA,EMEA
518,Khatlon,Tajikistan,EMEA,EMEA
524,Pavlodar,Kazakhstan,EMEA,EMEA
526,Ardabil,Iran,EMEA,EMEA
527,Styria,Austria,EMEA,EMEA
530,Nitra,Slovakia,EMEA,EMEA
531,Asir,Saudi Arabia,EMEA,EMEA
533,Kerman,Iran,EMEA,EMEA
538,Haifa,Israel,EMEA,EMEA
543,Hormozgan,Iran,EMEA,EMEA
546,Plovdiv,Bulgaria,EMEA,EMEA
548,Mazandaran,Iran,EMEA,EMEA
552,Zhambyl,Kazakhstan,EMEA,EMEA
554,Neamt,Romania,EMEA,EMEA
560,Lublin,Poland,EMEA,EMEA
561,Hrodna,Belarus,EMEA,EMEA
562,Erzurum,Turkey,EMEA,EMEA
563,Giurgiu,Romania,EMEA,EMEA
569,Southern,Israel,EMEA,EMEA
570,Kaliningrad,Russia,EMEA,EMEA
571,Mersin,Turkey,EMEA,EMEA
572,Al Basrah,Iraq,EMEA,EMEA
575,Tyrol,Austria,EMEA,EMEA
581,Mary,Turkmenistan,EMEA,EMEA
585,Arbil,Iraq,EMEA,EMEA
588,Brest,Belarus,EMEA,EMEA
591,Vladimir,Russia,EMEA,EMEA
600,Kordestan,Iran,EMEA,EMEA
602,Bacau,Romania,EMEA,EMEA
618,Arkhangel'sk,Russia,EMEA,EMEA
619,Podlaskie,Poland,EMEA,EMEA
622,Tokat,Turkey,EMEA,EMEA
623,Malatya,Turkey,EMEA,EMEA
624,Sevastopol',Ukraine,EMEA,EMEA
625,Kirovohrad,Ukraine,EMEA,EMEA
626,Fars,Iran,EMEA,EMEA
628,Sanliurfa,Turkey,EMEA,EMEA
629,Almaty City,Kazakhstan,EMEA,EMEA
630,Al Hudaydah,Yemen,EMEA,EMEA
635,Ajman,United Arab Emirates,EMEA,EMEA
636,Hradec Kralove,Czech Republic,EMEA,EMEA
639,Mardin,Turkey,EMEA,EMEA
641,Namangan,Uzbekistan,EMEA,EMEA
642,Qashqadaryo,Uzbekistan,EMEA,EMEA
643,Denizli,Turkey,EMEA,EMEA
645,Tel Aviv,Israel,EMEA,EMEA
647,Igdir,Turkey,EMEA,EMEA
651,Vrancea,Romania,EMEA,EMEA
653,Antalya,Turkey,EMEA,EMEA
654,Dolj,Romania,EMEA,EMEA
661,Hatay,Turkey,EMEA,EMEA
667,Kirsehir,Turkey,EMEA,EMEA
672,Manisa,Turkey,EMEA,EMEA
673,Korçë,Albania,EMEA,EMEA
681,Shumen,Bulgaria,EMEA,EMEA
684,Timis,Romania,EMEA,EMEA
688,Vlorë,Albania,EMEA,EMEA
689,Salah Ad Din,Iraq,EMEA,EMEA
695,Mehedinti,Romania,EMEA,EMEA
697,Nigde,Turkey,EMEA,EMEA
702,Homyel',Belarus,EMEA,EMEA
707,Bishkek,Kyrgyzstan,EMEA,EMEA
709,Sirnak,Turkey,EMEA,EMEA
710,Sibiu,Romania,EMEA,EMEA
712,Volyn,Ukraine,EMEA,EMEA
713,Khmel'nyts'kyy,Ukraine,EMEA,EMEA
717,Federation of Bosnia and Herzegovina,Bosnia and Herzegovina,EMEA,EMEA
719,Babil,Iraq,EMEA,EMEA
724,Ash Sharqiyah,Saudi Arabia,EMEA,EMEA
730,Lori,Armenia,EMEA,EMEA
735,Aqmola,Kazakhstan,EMEA,EMEA
736,Osh,Kyrgyzstan,EMEA,EMEA
738,Novgorod,Russia,EMEA,EMEA
742,Yambol,Bulgaria,EMEA,EMEA
743,Banská Bystrica,Slovakia,EMEA,EMEA
744,Amman,Jordan,EMEA,EMEA
746,Hamadan,Iran,EMEA,EMEA
747,Jizan,Saudi Arabia,EMEA,EMEA
748,Irbid,Jordan,EMEA,EMEA
751,Ivanovo,Russia,EMEA,EMEA
753,Ta'izz,Yemen,EMEA,EMEA
756,Buzau,Romania,EMEA,EMEA
759,Adiyaman,Turkey,EMEA,EMEA
760,Diyala,Iraq,EMEA,EMEA
767,Kaunas,Lithuania,EMEA,EMEA
768,Van,Turkey,EMEA,EMEA
769,Usak,Turkey,EMEA,EMEA
771,Imereti,Georgia,EMEA,EMEA
773,Eskisehir,Turkey,EMEA,EMEA
774,Rivne,Ukraine,EMEA,EMEA
778,Osmaniye,Turkey,EMEA,EMEA
779,Arges,Romania,EMEA,EMEA
780,Dhi Qar,Iraq,EMEA,EMEA
785,Durrës,Albania,EMEA,EMEA
790,Constanta,Romania,EMEA,EMEA
798,Kilis,Turkey,EMEA,EMEA
802,Grad Zagreb,Croatia,EMEA,EMEA
808,Varna,Bulgaria,EMEA,EMEA
811,Batman,Turkey,EMEA,EMEA
813,Karbala',Iraq,EMEA,EMEA
814,Ordu,Turkey,EMEA,EMEA
819,Satu Mare,Romania,EMEA,EMEA
822,Žilina,Slovakia,EMEA,EMEA
824,Vratsa,Bulgaria,EMEA,EMEA
829,Aksaray,Turkey,EMEA,EMEA
831,Rize,Turkey,EMEA,EMEA
835,North Lebanon,Lebanon,EMEA,EMEA
838,Central,Israel,EMEA,EMEA
839,Ar Raqqah,Syria,EMEA,EMEA
845,Pernik,Bulgaria,EMEA,EMEA
846,Hims,Syria,EMEA,EMEA
847,Pazardzhik,Bulgaria,EMEA,EMEA
855,Usti nad Labem,Czech Republic,EMEA,EMEA
859,Vitsyebsk,Belarus,EMEA,EMEA
862,Gorj,Romania,EMEA,EMEA
864,Splitsko-Dalmatinska,Croatia,EMEA,EMEA
865,Bitola,Macedonia,EMEA,EMEA
867,Surxondaryo,Uzbekistan,EMEA,EMEA
868,Amasya,Turkey,EMEA,EMEA
871,Stara Zagora,Bulgaria,EMEA,EMEA
872,Bryansk,Russia,EMEA,EMEA
874,Panevezys,Lithuania,EMEA,EMEA
879,Lorestan,Iran,EMEA,EMEA
880,Liberec,Czech Republic,EMEA,EMEA
881,Poltava,Ukraine,EMEA,EMEA
884,Pleven,Bulgaria,EMEA,EMEA
894,Astrakhan',Russia,EMEA,EMEA
896,Bolu,Turkey,EMEA,EMEA
897,Gyor,Hungary,EMEA,EMEA
899,Balti,Moldova,EMEA,EMEA
900,Kabardino-Balkariya,Russia,EMEA,EMEA
902,Qazvin,Iran,EMEA,EMEA
905,Brasov,Romania,EMEA,EMEA
907,Zhytomyr,Ukraine,EMEA,EMEA
908,Lebap,Turkmenistan,EMEA,EMEA
911,Plzen,Czech Republic,EMEA,EMEA
912,Sliven,Bulgaria,EMEA,EMEA
918,South Khorasan,Iran,EMEA,EMEA
928,Bistrita-Nasaud,Romania,EMEA,EMEA
931,Kutahya,Turkey,EMEA,EMEA
946,Golestan,Iran,EMEA,EMEA
949,Burgas,Bulgaria,EMEA,EMEA
955,Opole,Poland,EMEA,EMEA
965,Cherkasy,Ukraine,EMEA,EMEA
967,Trabzon,Turkey,EMEA,EMEA
973,Düzce,Turkey,EMEA,EMEA
975,Shkodër,Albania,EMEA,EMEA
976,Tartumaa,Estonia,EMEA,EMEA
989,Moravian-Silesian,Czech Republic,EMEA,EMEA
992,Khorezm,Uzbekistan,EMEA,EMEA
995,Kars,Turkey,EMEA,EMEA
997,Yalova,Turkey,EMEA,EMEA
1001,Stavropol',Russia,EMEA,EMEA
1003,Klaipeda,Lithuania,EMEA,EMEA
1004,Kumanovo,Macedonia,EMEA,EMEA
1006,Maysan,Iraq,EMEA,EMEA
1011,Jizzakh,Uzbekistan,EMEA,EMEA
1012,Bingol,Turkey,EMEA,EMEA
1016,Elazig,Turkey,EMEA,EMEA
1019,Moscow,Russia,EMEA,EMEA
1025,Ardahan,Turkey,EMEA,EMEA
1031,Muharraq,Bahrain,EMEA,EMEA
1038,Ra's Al Khaymah,United Arab Emirates,EMEA,EMEA
1039,Maramures,Romania,EMEA,EMEA
1043,Ljubljana,Slovenia,EMEA,EMEA
1050,Braila,Romania,EMEA,EMEA
1055,Qostanay,Kazakhstan,EMEA,EMEA
1056,Andijan,Uzbekistan,EMEA,EMEA
1057,Šiauliai,Lithuania,EMEA,EMEA
1060,Arad,Romania,EMEA,EMEA
1061,Tambov,Russia,EMEA,EMEA
1065,Bihor,Romania,EMEA,EMEA
1080,Ternopil',Ukraine,EMEA,EMEA
1081,Yevrey,Russia,EMEA,EMEA
1084,Siirt,Turkey,EMEA,EMEA
1085,Caras-Severin,Romania,EMEA,EMEA
1086,Carinthia,Austria,EMEA,EMEA
1089,Podgorica,Montenegro,EMEA,EMEA
1091,Mures,Romania,EMEA,EMEA
1094,Zagrebacka,Croatia,EMEA,EMEA
1095,Hajdu-Bihar,Hungary,EMEA,EMEA
1096,Novosibirsk,Russia,EMEA,EMEA
1097,Lesser Poland,Poland,EMEA,EMEA
1098,Valcea,Romania,EMEA,EMEA
1100,Hunedoara,Romania,EMEA,EMEA
1102,Ilam,Iran,EMEA,EMEA
1103,Edirne,Turkey,EMEA,EMEA
1107,Bekes,Hungary,EMEA,EMEA
1108,Primorsko-Goranska,Croatia,EMEA,EMEA
1115,Upper Austria,Austria,EMEA,EMEA
1116,Ibb,Yemen,EMEA,EMEA
1118,Isparta,Turkey,EMEA,EMEA
1120,Kastamonu,Turkey,EMEA,EMEA
1124,Karaman,Turkey,EMEA,EMEA
1,Constantine,Algeria,Africa,Africa
15,Dar Es Salaam,Tanzania,Africa,Africa
24,Khartoum,Sudan,Africa,Africa
31,Luanda,Angola,Africa,Africa
35,Niassa,Mozambique,Africa,Africa
39,Alger,Algeria,Africa,Africa
44,Benguela,Angola,Africa,Africa
47,Lagos,Nigeria,Africa,Africa
52,Al Qahirah,Egypt,Africa,Africa
56,North-West,South Africa,Africa,Africa
69,Aswan,Egypt,Africa,Africa
79,Eastern Cape,South Africa,Africa,Africa
85,Rivers,Nigeria,Africa,Africa
89,Arusha,Tanzania,Africa,Africa
94,Eastern,Zambia,Africa,Africa
103,Kano,Nigeria,Africa,Africa
113,Coast,Kenya,Africa,Africa
125,Atsinanana,Madagascar,Africa,Africa
130,Kwara,Nigeria,Africa,Africa
131,Free State,South Africa,Africa,Africa
136,Fès-Boulemane,Morocco,Africa,Africa
137,Southern,Sierra Leone,Africa,Africa
147,Bangui,Central African Republic,Africa,Africa
150,Rabat-Salé-Zemmour-Zaer,Morocco,Africa,Africa
154,Littoral,Benin,Africa,Africa
157,Marrakech-Tensift-El Haouz,Morocco,Africa,Africa
171,Gauteng,South Africa,Africa,Africa
186,Kampala,Uganda,Africa,Africa
187,Bulawayo,Zimbabwe,Africa,Africa
190,Grand Casablanca,Morocco,Africa,Africa
193,Niamey,Niger,Africa,Africa
196,Dakar,Senegal,Africa,Africa
200,Kinshasa,Democratic Republic of the Congo,Africa,Africa
203,Harare,Zimbabwe,Africa,Africa
213,South Kivu,Democratic Republic of the Congo,Africa,Africa
224,Orientale,Democratic Republic of the Congo,Africa,Africa
241,Anambra,Nigeria,Africa,Africa
247,Enugu,Nigeria,Africa,Africa
250,Centre,Cameroon,Africa,Africa
263,Batna,Algeria,Africa,Africa
266,Zambezia,Mozambique,Africa,Africa
271,Kasai-Occidental,Democratic Republic of the Congo,Africa,Africa
274,Niger,Nigeria,Africa,Africa
281,Plateau,Nigeria,Africa,Africa
286,Banaadir,Somalia,Africa,Africa
292,Lagunes,Cote d'Ivoire,Africa,Africa
330,Kindia,Guinea,Africa,Africa
332,Imo,Nigeria,Africa,Africa
337,Extreme-Nord,Cameroon,Africa,Africa
341,Montserrado,Liberia,Africa,Africa
344,Al Iskandariyah,Egypt,Africa,Africa
348,Abia,Nigeria,Africa,Africa
356,Central Equatoria,South Sudan,Africa,Africa
360,Meknès-Tafilalet,Morocco,Africa,Africa
372,Maseru,Lesotho,Africa,Africa
373,Alibori,Benin,Africa,Africa
380,Bujumbura-Mairie,Burundi,Africa,Africa
383,Red Sea,Sudan,Africa,Africa
391,Equateur,Democratic Republic of the Congo,Africa,Africa
395,Analamanga,Madagascar,Africa,Africa
408,Akwa Ibom,Nigeria,Africa,Africa
409,Sofala,Mozambique,Africa,Africa
412,Eastern,Ghana,Africa,Africa
422,Guelma,Algeria,Africa,Africa
427,Souss-Massa-Draâ,Morocco,Africa,Africa
436,Kigali,Rwanda,Africa,Africa
446,Western Cape,South Africa,Africa,Africa
448,Limpopo,South Africa,Africa,Africa
457,Littoral,Cameroon,Africa,Africa
460,Gulu,Uganda,Africa,Africa
463,Al Minya,Egypt,Africa,Africa
467,Ouest,Cameroon,Africa,Africa
468,Adamawa,Nigeria,Africa,Africa
478,Doukkala-Abda,Morocco,Africa,Africa
484,Katanga,Democratic Republic of the Congo,Africa,Africa
485,Bie,Angola,Africa,Africa
487,Dire Dawa,Ethiopia,Africa,Africa
495,Oran,Algeria,Africa,Africa
497,Oyo,Nigeria,Africa,Africa
508,Bas-Congo,Democratic Republic of the Congo,Africa,Africa
510,Nairobi,Kenya,Africa,Africa
513,Lusaka,Zambia,Africa,Africa
514,Al Fayyum,Egypt,Africa,Africa
519,Huambo,Angola,Africa,Africa
520,Qina,Egypt,Africa,Africa
523,Rift Valley,Kenya,Africa,Africa
529,Gezira,Sudan,Africa,Africa
532,Kaduna,Nigeria,Africa,Africa
534,Greater Accra,Ghana,Africa,Africa
535,Fromager,Cote d'Ivoire,Africa,Africa
541,Grand Gedeh,Liberia,Africa,Africa
544,Nord,Cameroon,Africa,Africa
550,Katsina,Nigeria,Africa,Africa
557,Maputo,Mozambique,Africa,Africa
559,Borno,Nigeria,Africa,Africa
564,Ziguinchor,Senegal,Africa,Africa
567,Bejaia,Algeria,Africa,Africa
568,Copperbelt,Zambia,Africa,Africa
573,Kasai-Oriental,Democratic Republic of the Congo,Africa,Africa
574,Tanger-Tétouan,Morocco,Africa,Africa
578,Mpumalanga,South Africa,Africa,Africa
582,Cidade De Maputo,Mozambique,Africa,Africa
583,Benue,Nigeria,Africa,Africa
592,Kassala,Sudan,Africa,Africa
598,Jubbada Hoose,Somalia,Africa,Africa
599,Haute-Matsiatra,Madagascar,Africa,Africa
607,Maritime,Togo,Africa,Africa
612,Banghazi,Libya,Africa,Africa
614,Kafr Ash Shaykh,Egypt,Africa,Africa
620,Djibouti,Djibouti,Africa,Africa
621,Ouémé,Benin,Africa,Africa
637,Est,Cameroon,Africa,Africa
638,Ondo,Nigeria,Africa,Africa
644,Pwani,Tanzania,Africa,Africa
664,Delta,Nigeria,Africa,Africa
669,Vallee Du Bandama,Cote d'Ivoire,Africa,Africa
670,Mwanza,Tanzania,Africa,Africa
671,Gharb-Chrarda-Béni Hssen,Morocco,Africa,Africa
680,Atakora,Benin,Africa,Africa
682,Cross River,Nigeria,Africa,Africa
696,Niari,Republic of the Congo,Africa,Africa
699,Manzini,Swaziland,Africa,Africa
700,Kwazulu-natal,South Africa,Africa,Africa
701,Bur Sa'id,Egypt,Africa,Africa
716,Bissau,Guinea-Bissau,Africa,Africa
722,Southern,Rwanda,Africa,Africa
726,Tunis,Tunisia,Africa,Africa
727,Central,Zambia,Africa,Africa
732,Kigoma,Tanzania,Africa,Africa
734,Woqooyi Galbeed,Somalia,Africa,Africa
737,Annaba,Algeria,Africa,Africa
739,Saida,Algeria,Africa,Africa
741,Bamako,Mali,Africa,Africa
749,Suhaj,Egypt,Africa,Africa
754,Adamaoua,Cameroon,Africa,Africa
758,Al Gharbiyah,Egypt,Africa,Africa
763,Osun,Nigeria,Africa,Africa
764,Mashonaland West,Zimbabwe,Africa,Africa
765,Manica,Mozambique,Africa,Africa
783,Mono,Benin,Africa,Africa
793,Cabo Delgado,Mozambique,Africa,Africa
801,Tipaza,Algeria,Africa,Africa
803,Nord-Ouest,Cameroon,Africa,Africa
805,Khomas,Namibia,Africa,Africa
807,Ogun,Nigeria,Africa,Africa
810,Yobe,Nigeria,Africa,Africa
818,Estuaire,Gabon,Africa,Africa
820,Haut-Sassandra,Cote d'Ivoire,Africa,Africa
821,Jinja,Uganda,Africa,Africa
823,Edo,Nigeria,Africa,Africa
827,Eastern,Kenya,Africa,Africa
828,Nyanza,Kenya,Africa,Africa
840,Kankan,Guinea,Africa,Africa
842,Plateaux,Togo,Africa,Africa
848,Bandundu,Democratic Republic of the Congo,Africa,Africa
849,Laghouat,Algeria,Africa,Africa
854,Bechar,Algeria,Africa,Africa
857,Mopti,Mali,Africa,Africa
858,Sud-Ouest,Cameroon,Africa,Africa
860,Asyut,Egypt,Africa,Africa
861,Ashanti,Ghana,Africa,Africa
863,Ash Sharqiyah,Egypt,Africa,Africa
869,Northern,Sierra Leone,Africa,Africa
886,Nouakchott,Mauritania,Africa,Africa
890,Central,Ghana,Africa,Africa
893,Gombe,Nigeria,Africa,Africa
903,Tete,Mozambique,Africa,Africa
906,White Nile,Sudan,Africa,Africa
909,Malanje,Angola,Africa,Africa
914,Al Bahr Al Ahmar,Egypt,Africa,Africa
915,Al Minufiyah,Egypt,Africa,Africa
916,Tizi Ouzou,Algeria,Africa,Africa
919,Boeny,Madagascar,Africa,Africa
920,Zamfara,Nigeria,Africa,Africa
921,Eastern,Sierra Leone,Africa,Africa
932,Thies,Senegal,Africa,Africa
934,Northern,Ghana,Africa,Africa
935,Nampula,Mozambique,Africa,Africa
937,Chaouia-Ouardigha,Morocco,Africa,Africa
942,Kilimanjaro,Tanzania,Africa,Africa
943,Mara,Tanzania,Africa,Africa
948,Mtwara,Tanzania,Africa,Africa
950,Matabeleland North,Zimbabwe,Africa,Africa
951,Iringa,Tanzania,Africa,Africa
952,Sud,Cameroon,Africa,Africa
953,Skikda,Algeria,Africa,Africa
958,Mandoul,Chad,Africa,Africa
959,Central,Kenya,Africa,Africa
963,Savanes,Cote d'Ivoire,Africa,Africa
970,Mostaganem,Algeria,Africa,Africa
971,Taza-Al Hoceima-Taounate,Morocco,Africa,Africa
972,Sokoto,Nigeria,Africa,Africa
977,Al Marqab,Libya,Africa,Africa
980,Manicaland,Zimbabwe,Africa,Africa
983,Maniema,Democratic Republic of the Congo,Africa,Africa
984,Djelfa,Algeria,Africa,Africa
986,Bani Suwayf,Egypt,Africa,Africa
994,Anseba,Eritrea,Africa,Africa
1000,Nzérékoré,Guinea,Africa,Africa
1005,Guelmim-Es Semara,Morocco,Africa,Africa
1007,Morogoro,Tanzania,Africa,Africa
1008,Abuja Capital Territory,Nigeria,Africa,Africa
1009,Tabora,Tanzania,Africa,Africa
1014,Misratah,Libya,Africa,Africa
1015,Bauchi,Nigeria,Africa,Africa
1017,Matruh,Egypt,Africa,Africa
1018,Kabarole,Uganda,Africa,Africa
1021,Atlantique,Benin,Africa,Africa
1022,Diana,Madagascar,Africa,Africa
1023,Northern,Zambia,Africa,Africa
1024,Tlemcen,Algeria,Africa,Africa
1030,Saint-Louis,Senegal,Africa,Africa
1033,Tadla-Azilal,Morocco,Africa,Africa
1034,Donga,Benin,Africa,Africa
1040,Litoral,Equatorial Guinea,Africa,Africa
1042,Zinder,Niger,Africa,Africa
1044,Huila,Angola,Africa,Africa
1045,Southern,Zambia,Africa,Africa
1046,Diffa,Niger,Africa,Africa
1049,Borgou,Benin,Africa,Africa
1052,Maradi,Niger,Africa,Africa
1058,Shinyanga,Tanzania,Africa,Africa
1062,Medea,Algeria,Africa,Africa
1063,Mbeya,Tanzania,Africa,Africa
1066,Dix-Huit Montagnes,Cote d'Ivoire,Africa,Africa
1071,Kayes,Mali,Africa,Africa
1073,Kara,Togo,Africa,Africa
1082,Ebonyi,Nigeria,Africa,Africa
1087,Lacs,Cote d'Ivoire,Africa,Africa
1088,Sidi Bel Abbes,Algeria,Africa,Africa
1093,Tanga,Tanzania,Africa,Africa
1099,Al Buhayrah,Egypt,Africa,Africa
1110,Inhambane,Mozambique,Africa,Africa
1112,Centrale,Togo,Africa,Africa
1113,Namibe,Angola,Africa,Africa
1119,Ruvuma,Tanzania,Africa,Africa
1125,Sikasso,Mali,Africa,Africa
1126,Atsimo-Andrefana,Madagascar,Africa,Africa
16,Parana,Brazil,LATAM,South
20,Alagoas,Brazil,LATAM,South
40,São Paulo,Brazil,LATAM,South
53,Carabobo,Venezuela,LATAM,South
72,Anzoátegui,Venezuela,LATAM,South
91,Amazonas,Brazil,LATAM,South
116,Atlántico,Colombia,LATAM,South
153,Lara,Venezuela,LATAM,South
177,Santiago,Chile,LATAM,South
221,Rio Grande do Sul,Brazil,LATAM,South
222,Bahia,Brazil,LATAM,South
256,Buenos Aires,Argentina,LATAM,South
258,Maranhão,Brazil,LATAM,South
260,Pará,Brazil,LATAM,South
261,Distrito Capital,Venezuela,LATAM,South
283,Lima (city),Peru,LATAM,South
303,Salta,Argentina,LATAM,South
316,Bogota,Colombia,LATAM,South
319,Ceará,Brazil,LATAM,South
340,Córdoba,Argentina,LATAM,South
351,Rio Grande do Norte,Brazil,LATAM,South
352,Santa Catarina,Brazil,LATAM,South
407,Minas Gerais,Brazil,LATAM,South
411,Zulia,Venezuela,LATAM,South
417,Goiás,Brazil,LATAM,South
420,La Libertad,Peru,LATAM,South
429,Rio de Janeiro,Brazil,LATAM,South
441,Guayas,Ecuador,LATAM,South
444,Sergipe,Brazil,LATAM,South
447,Central,Paraguay,LATAM,South
450,O'Higgins,Chile,LATAM,South
462,Federal District,Brazil,LATAM,South
464,Junín,Peru,LATAM,South
473,Pernambuco,Brazil,LATAM,South
476,Boyacá,Colombia,LATAM,South
493,Quindío,Colombia,LATAM,South
496,San Juan,Argentina,LATAM,South
502,Piauí,Brazil,LATAM,South
509,Roraima,Brazil,LATAM,South
522,Acre,Brazil,LATAM,South
565,Moquegua,Peru,LATAM,South
589,Rondônia,Brazil,LATAM,South
595,Ayacucho,Peru,LATAM,South
603,Chaco,Argentina,LATAM,South
605,Caquetá,Colombia,LATAM,South
608,Provincia de Buenos Aires,Argentina,LATAM,South
613,Azuay,Ecuador,LATAM,South
615,Entre Ríos,Argentina,LATAM,South
616,Piura,Peru,LATAM,South
634,Santa Fe,Argentina,LATAM,South
646,Miranda,Venezuela,LATAM,South
652,Portuguesa,Venezuela,LATAM,South
656,Mendoza,Argentina,LATAM,South
658,Bolivar,Venezuela,LATAM,South
660,Cundinamarca,Colombia,LATAM,South
663,Arequipa,Peru,LATAM,South
679,Oruro,Bolivia,LATAM,South
683,Manabi,Ecuador,LATAM,South
685,Montevideo,Uruguay,LATAM,South
690,Antioquia,Colombia,LATAM,South
692,Chuquisaca,Bolivia,LATAM,South
694,Atacama,Chile,LATAM,South
704,Tolima,Colombia,LATAM,South
705,La Paz,Bolivia,LATAM,South
718,Paraíba,Brazil,LATAM,South
721,Arica y Parinacota,Chile,LATAM,South
723,Mato Grosso,Brazil,LATAM,South
729,Valparaíso,Chile,LATAM,South
750,Amapá,Brazil,LATAM,South
752,Huila,Colombia,LATAM,South
772,Bolívar,Colombia,LATAM,South
777,Cesar,Colombia,LATAM,South
784,Mérida,Venezuela,LATAM,South
791,Canelones,Uruguay,LATAM,South
792,Mato Grosso do Sul,Brazil,LATAM,South
806,Pichincha,Ecuador,LATAM,South
812,Biobio,Chile,LATAM,South
815,Santander,Colombia,LATAM,South
825,Puno,Peru,LATAM,South
826,Rivera,Uruguay,LATAM,South
830,Ancash,Peru,LATAM,South
833,Valle del Cauca,Colombia,LATAM,South
836,Meta,Colombia,LATAM,South
837,Monagas,Venezuela,LATAM,South
850,Santiago del Estero,Argentina,LATAM,South
856,Magdalena,Colombia,LATAM,South
873,Río Negro,Argentina,LATAM,South
875,Neuquén,Argentina,LATAM,South
887,Aragua,Venezuela,LATAM,South
889,Risaralda,Colombia,LATAM,South
895,Chocó,Colombia,LATAM,South
904,Antofagasta,Chile,LATAM,South
913,Chubut,Argentina,LATAM,South
917,Guárico,Venezuela,LATAM,South
925,Tarija,Bolivia,LATAM,South
929,Ucayali,Peru,LATAM,South
933,Nariño,Colombia,LATAM,South
936,Beni,Bolivia,LATAM,South
941,Táchira,Venezuela,LATAM,South
947,Tocantins,Brazil,LATAM,South
957,Norte de Santander,Colombia,LATAM,South
960,Jujuy,Argentina,LATAM,South
961,Córdoba,Colombia,LATAM,South
966,Corrientes,Argentina,LATAM,South
968,Espírito Santo,Brazil,LATAM,South
981,Vargas,Venezuela,LATAM,South
985,Caldas,Colombia,LATAM,South
988,Cojedes,Venezuela,LATAM,South
990,Sucre,Venezuela,LATAM,South
991,San Luis,Argentina,LATAM,South
993,Potosí,Bolivia,LATAM,South
998,Tarapacá,Chile,LATAM,South
999,Santa Cruz,Bolivia,LATAM,South
1002,Ica,Peru,LATAM,South
1010,Cochabamba,Bolivia,LATAM,South
1028,Callao,Peru,LATAM,South
1035,Nueva Esparta,Venezuela,LATAM,South
1036,Los Lagos,Chile,LATAM,South
1037,Loreto,Peru,LATAM,South
1047,Magallanes y Antártica Chilena,Chile,LATAM,South
1064,Catamarca,Argentina,LATAM,South
1067,Lima,Peru,LATAM,South
1072,Casanare,Colombia,LATAM,South
1076,Misiones,Argentina,LATAM,South
1078,Arauca,Colombia,LATAM,South
1083,Cajamarca,Peru,LATAM,South
1104,Los Rios,Ecuador,LATAM,South
1105,Yaracuy,Venezuela,LATAM,South
1109,Asunción,Paraguay,LATAM,South
1111,La Pampa,Argentina,LATAM,South
1114,Lambayeque,Peru,LATAM,South
1117,La Rioja,Argentina,LATAM,South
1121,Paysandú,Uruguay,LATAM,South
34,Kentucky,United States,US,South
41,Georgia,United States,US,South
59,Murcia,Spain,EU,South
64,Virginia,United States,US,South
65,Liguria,Italy,EU,South
75,Louisiana,United States,US,South
76,South Carolina,United States,US,South
90,Valenciana,Spain,EU,South
95,Sicily,Italy,EU,South
98,Lombardy,Italy,EU,South
107,Arkansas,United States,US,South
110,Tennessee,United States,US,South
111,Tuscany,Italy,EU,South
117,Florida,United States,US,South
120,Emilia-Romagna,Italy,EU,South
135,Lisboa,Portugal,EU,South
143,Madrid,Spain,EU,South
165,Andalusía,Spain,EU,South
168,Catalonia,Spain,EU,South
218,Lazio,Italy,EU,South
244,North Carolina,United States,US,South
273,Apulia,Italy,EU,South
278,Mississippi,United States,US,South
284,Sardinia,Italy,EU,South
302,Umbria,Italy,EU,South
314,Veneto,Italy,EU,South
328,Alabama,United States,US,South
331,Abruzzi,Italy,EU,South
333,Coimbra,Portugal,EU,South
339,Castile and León,Spain,EU,South
394,Porto,Portugal,EU,South
415,Castile-La Mancha,Spain,EU,South
426,Campania,Italy,EU,South
455,Ceuta,Spain,EU,South
479,Navarra,Spain,EU,South
551,Trentino-Alto Adige,Italy,EU,South
580,Piedmont,Italy,EU,South
584,Calabria,Italy,EU,South
586,Galicia,Spain,EU,South
650,Basque Country,Spain,EU,South
693,Cantabria,Spain,EU,South
728,Asturias,Spain,EU,South
794,Braga,Portugal,EU,South
817,Aveiro,Portugal,EU,South
832,Marche,Italy,EU,South
882,Friuli-Venezia Giulia,Italy,EU,South
883,Balearic Islands,Spain,EU,South
891,Extremadura,Spain,EU,South
898,Basilicata,Italy,EU,South
939,Melilla,Spain,EU,South
1123,Setúbal,Portugal,EU,South
11,Guatemala,Guatemala,LATAM,Central
22,Texas,United States,US,Central
26,Illinois,United States,US,Central
77,Estelí,Nicaragua,LATAM,Central
86,San Salvador,El Salvador,LATAM,Central
105,Managua,Nicaragua,LATAM,Central
108,Michigan,United States,US,Central
115,Santa Ana,El Salvador,LATAM,Central
127,Indiana,United States,US,Central
144,South Dakota,United States,US,Central
162,Panama,Panama,LATAM,Central
167,Wisconsin,United States,US,Central
191,Missouri,United States,US,Central
225,Matagalpa,Nicaragua,LATAM,Central
240,Cortés,Honduras,LATAM,Central
277,Minnesota,United States,US,Central
280,Escuintla,Guatemala,LATAM,Central
299,Iowa,United States,US,Central
305,Choluteca,Honduras,LATAM,Central
307,Francisco Morazán,Honduras,LATAM,Central
368,Yoro,Honduras,LATAM,Central
371,Huehuetenango,Guatemala,LATAM,Central
388,Chinandega,Nicaragua,LATAM,Central
443,Cuscatlán,El Salvador,LATAM,Central
466,Colón,Panama,LATAM,Central
482,Oklahoma,United States,US,Central
483,Atlántida,Honduras,LATAM,Central
506,La Libertad,El Salvador,LATAM,Central
525,Nebraska,United States,US,Central
593,Masaya,Nicaragua,LATAM,Central
597,León,Nicaragua,LATAM,Central
610,Kansas,United States,US,Central
611,Chimaltenango,Guatemala,LATAM,Central
617,Chiriquí,Panama,LATAM,Central
686,Sonsonate,El Salvador,LATAM,Central
720,Quezaltenango,Guatemala,LATAM,Central
770,Granada,Nicaragua,LATAM,Central
1070,North Dakota,United States,US,Central
19,Rhône-Alpes,France,EU,Central
28,Ile-de-France,France,EU,Central
36,Provence-Alpes-Côte d'Azur,France,EU,Central
43,Groningen,Netherlands,EU,Central
46,Midi-Pyrénées,France,EU,Central
63,Vienna,Austria,EU,Central
67,Lower Saxony,Germany,EU,Central
71,South Holland,Netherlands,EU,Central
82,Nord-Pas-de-Calais,France,EU,Central
109,North Rhine-Westphalia,Germany,EU,Central
112,Flemish Brabant,Belgium,EU,Central
114,Champagne-Ardenne,France,EU,Central
129,Poitou-Charentes,France,EU,Central
140,Languedoc-Roussillon,France,EU,Central
164,Saxony,Germany,EU,Central
166,Bavaria,Germany,EU,Central
175,Alsace,France,EU,Central
179,Hesse,Germany,EU,Central
180,Overijssel,Netherlands,EU,Central
184,Basel-Stadt,Switzerland,EU,Central
206,Burgundy,France,EU,Central
209,Zürich,Switzerland,EU,Central
219,Namur,Belgium,EU,Central
227,North Holland,Netherlands,EU,Central
231,Berlin,Germany,EU,Central
243,Pays de la Loire,France,EU,Central
252,Baden-Württemberg,Germany,EU,Central
262,Aquitaine,France,EU,Central
275,Saxony-Anhalt,Germany,EU,Central
285,Drenthe,Netherlands,EU,Central
291,Mecklenburg-Vorpommern,Germany,EU,Central
295,North Brabant,Netherlands,EU,Central
313,Geneva,Switzerland,EU,Central
322,Upper Normandy,France,EU,Central
347,Lorraine,France,EU,Central
349,Gelderland,Netherlands,EU,Central
350,Hamburg,Germany,EU,Central
354,Auvergne,France,EU,Central
355,Limousin,France,EU,Central
357,Brandenburg,Germany,EU,Central
374,Antwerp,Belgium,EU,Central
375,Picardy,France,EU,Central
379,Bremen,Germany,EU,Central
384,Thuringia,Germany,EU,Central
389,Centre,France,EU,Central
400,Utrecht,Netherlands,EU,Central
416,Brittany,France,EU,Central
430,Lower Normandy,France,EU,Central
454,East Flanders,Belgium,EU,Central
486,Rhineland-Palatinate,Germany,EU,Central
491,Limburg,Netherlands,EU,Central
512,Upper Austria,Austria,EU,Central
517,West Flanders,Belgium,EU,Central
540,Schleswig-Holstein,Germany,EU,Central
542,Tyrol,Austria,EU,Central
545,Franche-Comté,France,EU,Central
549,Corsica,France,EU,Central
579,Vaud,Switzerland,EU,Central
631,Styria,Austria,EU,Central
714,Limburg,Belgium,EU,Central
787,Friesland,Netherlands,EU,Central
843,Saarland,Germany,EU,Central
938,Hainaut,Belgium,EU,Central
945,Salzburg,Austria,EU,Central
956,Carinthia,Austria,EU,Central
964,Zeeland,Netherlands,EU,Central
979,Lucerne,Switzerland,EU,Central
1013,Liège,Belgium,EU,Central
1032,Bern,Switzerland,EU,Central
1048,Brussels,Belgium,EU,Central
1092,St. Gallen,Switzerland,EU,Central
4,Stockholm,Sweden,EU,North
5,Ontario,Canada,Canada,Canada
9,England,United Kingdom,EU,North
17,Yucatán,Mexico,LATAM,North
18,Granma,Cuba,LATAM,Caribbean
21,Santiago de Cuba,Cuba,LATAM,Caribbean
25,Veracruz,Mexico,LATAM,North
33,Pennsylvania,United States,US,East
38,California,United States,US,West
54,México,Mexico,LATAM,North
66,Coahuila,Mexico,LATAM,North
68,Delaware,United States,US,East
70,Jalisco,Mexico,LATAM,North
73,Västra Götaland,Sweden,EU,North
78,Baja California,Mexico,LATAM,North
81,Ohio,United States,US,East
83,La Romana,Dominican Republic,LATAM,Caribbean
88,Hovedstaden,Denmark,EU,North
92,South Denmark,Denmark,EU,North
97,Oregon,United States,US,West
99,Manitoba,Canada,Canada,Canada
100,Guerrero,Mexico,LATAM,North
101,Arizona,United States,US,West
102,Distrito Federal,Mexico,LATAM,North
123,Nevada,United States,US,West
133,Guantánamo,Cuba,LATAM,Caribbean
142,Oslo,Norway,EU,North
145,Tamaulipas,Mexico,LATAM,North
152,Duarte,Dominican Republic,LATAM,Caribbean
155,New York,United States,US,East
159,Santo Domingo,Dominican Republic,LATAM,Caribbean
169,Uppsala,Sweden,EU,North
172,Washington,United States,US,West
176,New Jersey,United States,US,East
178,Sancti Spíritus,Cuba,LATAM,Caribbean
194,Holguín,Cuba,LATAM,Caribbean
212,Dublin,Ireland,EU,North
223,Pinar del Río,Cuba,LATAM,Caribbean
237,Las Tunas,Cuba,LATAM,Caribbean
255,British Columbia,Canada,Canada,Canada
257,Colorado,United States,US,West
265,Uusimaa,Finland,EU,North
268,Utah,United States,US,West
276,Puebla,Mexico,LATAM,North
288,Ouest,Haiti,LATAM,Caribbean
289,Rogaland,Norway,EU,North
300,New Mexico,United States,US,West
304,Quebec,Canada,Canada,Canada
317,Massachusetts,United States,US,East
321,Scotland,United Kingdom,EU,North
327,San Pedro de Macorís,Dominican Republic,LATAM,Caribbean
335,Montana,United States,US,West
336,Chihuahua,Mexico,LATAM,North
338,Idaho,United States,US,West
342,Michoacán,Mexico,LATAM,North
343,Maryland,United States,US,East
346,San Luis Potosí,Mexico,LATAM,North
353,Camagüey,Cuba,LATAM,Caribbean
361,Artibonite,Haiti,LATAM,Caribbean
364,Guanajuato,Mexico,LATAM,North
365,Barahona,Dominican Republic,LATAM,Caribbean
382,Connecticut,United States,US,East
392,Nayarit,Mexico,LATAM,North
398,Martinique,Martinique,LATAM,Caribbean
406,Hidalgo,Mexico,LATAM,North
410,Sinaloa,Mexico,LATAM,North
418,Chiapas,Mexico,LATAM,North
419,New Hampshire,United States,US,East
431,Nuevo León,Mexico,LATAM,North
438,Cork,Ireland,EU,North
452,Santiago,Dominican Republic,LATAM,Caribbean
453,Durango,Mexico,LATAM,North
458,Cienfuegos,Cuba,LATAM,Caribbean
470,Halland,Sweden,EU,North
475,Sonora,Mexico,LATAM,North
488,Alberta,Canada,Canada,Canada
492,Saskatchewan,Canada,Canada,Canada
494,Colima,Mexico,LATAM,North
499,Villa Clara,Cuba,LATAM,Caribbean
503,Morelos,Mexico,LATAM,North
539,Maine,United States,US,East
590,Quintana Roo,Mexico,LATAM,North
594,Buskerud,Norway,EU,North
601,Campeche,Mexico,LATAM,North
604,Espaillat,Dominican Republic,LATAM,Caribbean
640,Saint Michael,Barbados,LATAM,Caribbean
657,Baja California Sur,Mexico,LATAM,North
665,Tabasco,Mexico,LATAM,North
668,Rhode Island,United States,US,East
674,Newfoundland,Canada,Canada,Canada
676,Isla de la Juventud,Cuba,LATAM,Caribbean
678,Saint Catherine,Jamaica,LATAM,Caribbean
687,Peravia,Dominican Republic,LATAM,Caribbean
698,Matanzas,Cuba,LATAM,Caribbean
703,San Juan,Dominican Republic,LATAM,Caribbean
725,Artemisa,Cuba,LATAM,Caribbean
731,Querétaro,Mexico,LATAM,North
733,Finland Proper,Finland,EU,North
766,Central Jutland,Denmark,EU,North
775,Wales,United Kingdom,EU,North
776,La Vega,Dominican Republic,LATAM,Caribbean
786,Kymenlaakso,Finland,EU,North
789,District of Columbia,United States,US,East
796,San Fernando,Trinidad and Tobago,LATAM,Caribbean
804,Chaguanas,Trinidad and Tobago,LATAM,Caribbean
809,Ciego de Ávila,Cuba,LATAM,Caribbean
841,South Dublin,Ireland,EU,North
844,Mayabeque,Cuba,LATAM,Caribbean
852,Skåne,Sweden,EU,North
853,Nova Scotia,Canada,Canada,Canada
877,Zacatecas,Mexico,LATAM,North
878,Monseñor Nouel,Dominican Republic,LATAM,Caribbean
901,Vermont,United States,US,East
922,Hedmark,Norway,EU,North
923,Guadeloupe,Guadeloupe,LATAM,Caribbean
927,San Cristóbal,Dominican Republic,LATAM,Caribbean
974,Hordaland,Norway,EU,North
1026,Oaxaca,Mexico,LATAM,North
1041,Wyoming,United States,US,West
1053,Södermanland,Sweden,EU,North
1054,Zealand,Denmark,EU,North
1059,Galway,Ireland,EU,North
1075,Värmland,Sweden,EU,North
1079,West Virginia,United States,US,East
1090,Vest-Agder,Norway,EU,North
2,New South Wales,Australia,APAC,Oceania
6,Auckland,New Zealand,APAC,Oceania
8,National Capital,Philippines,APAC,Southeast Asia
10,Sarawak,Malaysia,APAC,Southeast Asia
13,Nakhon Ratchasima,Thailand,APAC,Southeast Asia
29,Sumatera Barat,Indonesia,APAC,Southeast Asia
30,Ho Chí Minh City,Vietnam,APAC,Southeast Asia
42,Singapore,Singapore,APAC,Southeast Asia
48,Jawa Timur,Indonesia,APAC,Southeast Asia
49,Kiên Giang,Vietnam,APAC,Southeast Asia
50,Calabarzon,Philippines,APAC,Southeast Asia
51,Queensland,Australia,APAC,Oceania
57,Bangkok,Thailand,APAC,Southeast Asia
58,Jawa Barat,Indonesia,APAC,Southeast Asia
60,Jammu and Kashmir,India,APAC,Central Asia
62,Otago,New Zealand,APAC,Oceania
74,South Australia,Australia,APAC,Oceania
84,Bali,Indonesia,APAC,Southeast Asia
87,Western Australia,Australia,APAC,Oceania
96,Yangon,Myanmar (Burma),APAC,Southeast Asia
121,Wellington,New Zealand,APAC,Oceania
122,Northern Territory,Australia,APAC,Oceania
124,Madhya Pradesh,India,APAC,Central Asia
126,Sumatera Utara,Indonesia,APAC,Southeast Asia
139,Telangana,India,APAC,Central Asia
141,Jawa Tengah,Indonesia,APAC,Southeast Asia
149,Kalimantan Timur,Indonesia,APAC,Southeast Asia
156,Victoria,Australia,APAC,Oceania
160,Dhaka,Bangladesh,APAC,Central Asia
183,Pahang,Malaysia,APAC,Southeast Asia
189,Karnataka,India,APAC,Central Asia
201,Uttar Pradesh,India,APAC,Central Asia
205,Rajasthan,India,APAC,Central Asia
215,Maharashtra,India,APAC,Central Asia
216,Punjab,Pakistan,APAC,Central Asia
226,Jakarta,Indonesia,APAC,Southeast Asia
234,Sumatera Selatan,Indonesia,APAC,Southeast Asia
235,Tasmania,Australia,APAC,Oceania
251,Phnom Penh,Cambodia,APAC,Southeast Asia
267,Canterbury,New Zealand,APAC,Oceania
270,Western Visayas,Philippines,APAC,Southeast Asia
279,Th? Dô Hà N?i,Vietnam,APAC,Southeast Asia
282,Andhra Pradesh,India,APAC,Central Asia
290,Bay of Plenty,New Zealand,APAC,Oceania
294,Aceh,Indonesia,APAC,Southeast Asia
297,Australian Capital Territory,Australia,APAC,Oceania
298,Perak,Malaysia,APAC,Southeast Asia
309,West Bengal,India,APAC,Central Asia
318,Rajshahi,Bangladesh,APAC,Central Asia
324,Sindh,Pakistan,APAC,Central Asia
325,Nangarhar,Afghanistan,APAC,Central Asia
334,Sulawesi Tenggara,Indonesia,APAC,Southeast Asia
345,Tamil Nadu,India,APAC,Central Asia
367,Chittagong,Bangladesh,APAC,Central Asia
381,Yogyakarta,Indonesia,APAC,Southeast Asia
396,Southland,New Zealand,APAC,Oceania
403,Northland,New Zealand,APAC,Oceania
421,Sabah,Malaysia,APAC,Southeast Asia
424,Manawatu-Wanganui,New Zealand,APAC,Oceania
428,Punjab,India,APAC,Central Asia
433,Gujarat,India,APAC,Central Asia
435,Delhi,India,APAC,Central Asia
437,Marlborough,New Zealand,APAC,Oceania
440,Bengkulu,Indonesia,APAC,Southeast Asia
461,Kerala,India,APAC,Central Asia
501,Nusa Tenggara Timur,Indonesia,APAC,Southeast Asia
504,Central Luzon,Philippines,APAC,Southeast Asia
511,Trengganu,Malaysia,APAC,Southeast Asia
521,Kuala Lumpur,Malaysia,APAC,Southeast Asia
528,Kabul,Afghanistan,APAC,Central Asia
536,Bihar,India,APAC,Central Asia
556,Waikato,New Zealand,APAC,Oceania
558,Jharkhand,India,APAC,Central Asia
566,Northern Mindanao,Philippines,APAC,Southeast Asia
577,National Capital,Papua New Guinea,APAC,Oceania
596,Taranaki,New Zealand,APAC,Oceania
606,Sulawesi Utara,Indonesia,APAC,Southeast Asia
609,F.C.T.,Pakistan,APAC,Central Asia
627,Uttarakhand,India,APAC,Central Asia
648,Dà Nang,Vietnam,APAC,Southeast Asia
649,Odisha,India,APAC,Central Asia
662,Riau,Indonesia,APAC,Southeast Asia
666,Haryana,India,APAC,Central Asia
677,Khyber Pakhtunkhwa,Pakistan,APAC,Central Asia
691,Hawke's Bay,New Zealand,APAC,Oceania
706,Kalimantan Barat,Indonesia,APAC,Southeast Asia
708,Chhattisgarh,India,APAC,Central Asia
711,Nelson,New Zealand,APAC,Oceania
740,Assam,India,APAC,Central Asia
745,Jambi,Indonesia,APAC,Southeast Asia
757,Cordillera,Philippines,APAC,Southeast Asia
761,T?nh C?n Th?,Vietnam,APAC,Southeast Asia
762,Puducherry,India,APAC,Central Asia
788,Negeri Sembilan,Malaysia,APAC,Southeast Asia
795,Selangor,Malaysia,APAC,Southeast Asia
797,Khulna,Bangladesh,APAC,Central Asia
800,Baluchistan,Pakistan,APAC,Central Asia
834,Sylhet,Bangladesh,APAC,Central Asia
851,Gisborne,New Zealand,APAC,Oceania
870,Hirat,Afghanistan,APAC,Central Asia
885,Central,Nepal,APAC,Central Asia
888,Chandigarh,India,APAC,Central Asia
910,Kalimantan Selatan,Indonesia,APAC,Southeast Asia
924,Western,Sri Lanka,APAC,Central Asia
930,Nusa Tenggara Barat,Indonesia,APAC,Southeast Asia
944,Papua,Indonesia,APAC,Southeast Asia
954,Khánh Hòa,Vietnam,APAC,Southeast Asia
987,Sulawesi Tengah,Indonesia,APAC,Southeast Asia
1027,Maluku,Indonesia,APAC,Southeast Asia
1029,Kandahar,Afghanistan,APAC,Central Asia
1068,Manipur,India,APAC,Central Asia
1069,Tripura,India,APAC,Central Asia
23,Tottori,Japan,APAC,North Asia
27,Taipei City,Taiwan,APAC,North Asia
32,Jilin,China,APAC,North Asia
45,Yunnan,China,APAC,North Asia
55,Guangxi,China,APAC,North Asia
132,Hunan,China,APAC,North Asia
146,Shandong,China,APAC,North Asia
151,Guangdong,China,APAC,North Asia
158,Chongqing,China,APAC,North Asia
161,Hubei,China,APAC,North Asia
163,Henan,China,APAC,North Asia
170,Guizhou,China,APAC,North Asia
174,Jiangsu,China,APAC,North Asia
181,Daejeon,South Korea,APAC,North Asia
182,Shizuoka,Japan,APAC,North Asia
195,Liaoning,China,APAC,North Asia
197,Hong Kong,Hong Kong,APAC,North Asia
199,Saitama,Japan,APAC,North Asia
202,Heilongjiang,China,APAC,North Asia
204,Seoul,South Korea,APAC,North Asia
207,Tokyo,Japan,APAC,North Asia
208,Hebei,China,APAC,North Asia
228,Chiba,Japan,APAC,North Asia
233,Aichi,Japan,APAC,North Asia
245,Sichuan,China,APAC,North Asia
264,Shanghai,China,APAC,North Asia
269,Beijing,China,APAC,North Asia
306,Inner Mongolia,China,APAC,North Asia
315,Jeju,South Korea,APAC,North Asia
320,Zhejiang,China,APAC,North Asia
377,Anhui,China,APAC,North Asia
423,Ishikawa,Japan,APAC,North Asia
459,Saga,Japan,APAC,North Asia
477,Gansu,China,APAC,North Asia
505,Shanxi,China,APAC,North Asia
537,Gyeonggi,South Korea,APAC,North Asia
547,Ningxia,China,APAC,North Asia
553,Shaanxi,China,APAC,North Asia
555,Tianjin,China,APAC,North Asia
576,Fujian,China,APAC,North Asia
587,Daegu,South Korea,APAC,North Asia
632,Xinjiang Uygur,China,APAC,North Asia
633,Nagasaki,Japan,APAC,North Asia
655,Jiangxi,China,APAC,North Asia
659,Fukui,Japan,APAC,North Asia
675,Kanagawa,Japan,APAC,North Asia
715,Osaka,Japan,APAC,North Asia
755,Oita,Japan,APAC,North Asia
781,Gunma,Japan,APAC,North Asia
782,Ulsan,South Korea,APAC,North Asia
799,Tochigi,Japan,APAC,North Asia
816,Gyeongsangnam,South Korea,APAC,North Asia
866,Fukuoka,Japan,APAC,North Asia
876,Hyogo,Japan,APAC,North Asia
892,Yamaguchi,Japan,APAC,North Asia
926,Hainan,China,APAC,North Asia
940,Kagawa,Japan,APAC,North Asia
962,Mie,Japan,APAC,North Asia
969,Ulaanbaatar,Mongolia,APAC,North Asia
978,Qinghai,China,APAC,North Asia
982,Busan,South Korea,APAC,North Asia
996,Ibaraki,Japan,APAC,North Asia
1020,Hokkaido,Japan,APAC,North Asia
1051,Aomori,Japan,APAC,North Asia
1074,Nagano,Japan,APAC,North Asia
1077,Hiroshima,Japan,APAC,North Asia
1101,Okayama,Japan,APAC,North Asia
1106,Gangwon,South Korea,APAC,North Asia
1122,South Chungcheong,South Korea,APAC,North Asia
